x,y
697177.28,3416820.4
697187.21,3416831.5
697197.46,3416843.1
697208.05,3416855.1
697218.89,3416867.4
697229.78,3416879.7
697240.5,3416891.7
697250.85,3416903.1
697260.76,3416914
697270.27,3416924.2
697279.52,3416934.1
697292.81,3416921.7
697306.7,3416909.2
697321.23,3416896.7
697336.39,3416884.1
697352.16,3416871.6
697368.33,3416859.1
697385.01,3416846.9
697401.74,3416835.9
697422.35,3416825.2
697442.56,3416809.3
697459.85,3416794.6
697476.79,3416780.2
697493.38,3416766.1
697509.71,3416752.2
697525.93,3416738.4
697541.92,3416724.6
697557.53,3416710.9
697572.83,3416697.6
697588.04,3416684.8
697604.14,3416672.5
697621.04,3416659.4
697638.08,3416645.2
697654.23,3416630.1
697669.53,3416615.3
697685.11,3416600.9
697701.48,3416586.1
697718.93,3416569.6
697735.1,3416549.6
697748.32,3416528.9
697758.69,3416509.2
697768.75,3416491.2
697778.28,3416473.4
697788.12,3416456
697798.43,3416437.8
697808.1,3416417.7
697816.12,3416396.4
697822.16,3416374.3
697826.69,3416351.8
697827.82,3416329.1
697826.59,3416308.5
697825.22,3416289.7
697824.33,3416271.1
697822.69,3416252.6
697821.83,3416233.6
697820.69,3416212.5
697816.75,3416187.2
697806.4,3416163
697795.04,3416140.7
697781.19,3416121.9
697768.6,3416105.1
697755.82,3416089
697742.74,3416074.9
697730.82,3416061.9
697720.13,3416049
697710.28,3416035.4
697700.68,3416020.4
697690.25,3416002.8
697675.44,3415982.9
697656.48,3415965.9
697636.83,3415951.7
697616.75,3415938.8
697595.97,3415927.2
697574.9,3415917.1
697554.85,3415908.7
697536.75,3415900.9
697520.47,3415892.5
697505.33,3415883.3
697491.09,3415873.6
697477.88,3415863.8
697465.77,3415854
697454.81,3415844.5
697445.22,3415835
697436.95,3415825.5
697429.78,3415815.6
697423.43,3415805.2
697417.65,3415794.3
697412.25,3415783
697407.16,3415771.5
697402.35,3415759.9
697397.82,3415748.3
697393.59,3415736.9
697389.59,3415725.9
697386.1,3415715.6
697383.33,3415705.8
697381.29,3415696.5
697380.06,3415687.3
697379.68,3415678.2
697380.11,3415668.9
697381.28,3415659.1
697383.13,3415648.8
697385.65,3415637.8
697388.81,3415626
697392.56,3415613.3
697396.94,3415599.8
697402,3415585.4
697407.76,3415570.2
697414.26,3415554.2
697421.52,3415537.4
697429.52,3415519.8
697438.16,3415501.5
697447.26,3415482.5
697456.58,3415463.1
697466.12,3415443.6
697475.99,3415424.1
697486.21,3415404.6
697496.55,3415385.3
697507.33,3415366.4
697518.74,3415347.4
697530.61,3415328.1
697542.69,3415308.2
697554.68,3415287.7
697566.33,3415266.3
697577.08,3415244.2
697586.71,3415222.2
697595.54,3415200.6
697603.55,3415179.3
697610.49,3415159.3
697617.17,3415141.4
697624.99,3415125
697633.48,3415109.2
697642.65,3415094.2
697652.49,3415079.6
697662.75,3415065.3
697673.26,3415051.4
697683.95,3415037.9
697694.77,3415024.8
697705.72,3415012.1
697716.82,3414999.7
697728.07,3414987.7
697739.55,3414976.1
697751.36,3414964.9
697763.57,3414953.9
697776.25,3414943.1
697789.45,3414932.4
697803.22,3414921.8
697817.65,3414911.3
697832.8,3414900.6
697848.76,3414889.7
697865.48,3414878.4
697882.84,3414866.6
697900.78,3414854.4
697919.21,3414841.5
697937.9,3414827.9
697956.19,3414813.4
697973.56,3414798.7
697989.97,3414784.4
698005.99,3414770.9
698022.16,3414757.8
698038.55,3414744.7
698054.98,3414731.4
698071.06,3414718.1
698087.1,3414704.8
698102.69,3414691.5
698118.25,3414678.9
698134.48,3414666.3
698151.33,3414653
698168.33,3414638.5
698184.98,3414622.3
698199.62,3414604.8
698212.75,3414587.8
698225.17,3414570.9
698237.28,3414554.3
698249.22,3414537.4
698260.76,3414520.2
698272.12,3414503
698283.4,3414485.4
698294.54,3414467.5
698305.45,3414449.1
698316.17,3414430.4
698326.66,3414411.3
698336.99,3414391.9
698347.25,3414372.2
698357.42,3414351.9
698367.36,3414330.8
698376.61,3414308.4
698383.93,3414285.3
698389.76,3414263
698394.68,3414241.4
698399.3,3414220.8
698404.16,3414200.6
698409.18,3414180.2
698414.1,3414159.4
698418.55,3414137.9
698422.01,3414116
698424.44,3414094.3
698426.38,3414073.5
698428.51,3414053.3
698431.28,3414033.1
698434.05,3414012.8
698437.59,3413992.6
698441.6,3413971.5
698445.55,3413949.7
698449.09,3413927.4
698452.14,3413904.9
698454.63,3413882.3
698456.43,3413859.7
698457.48,3413837.3
698457.86,3413815.4
698457.69,3413793.9
698457.09,3413773
698456.01,3413752.4
698454.51,3413732.3
698452.48,3413712.3
698449.69,3413692.3
698445.79,3413672.1
698440.07,3413652.4
698433.29,3413633.8
698425.83,3413616
698417.75,3413598.4
698408.73,3413581.2
698399.04,3413564.4
698388.5,3413547.8
698376.92,3413531.3
698364.16,3413515.3
698350.47,3413500.1
698336.27,3413485.6
698321.66,3413471.7
698306.75,3413458.3
698291.54,3413445.2
698275.98,3413432.5
698260.02,3413420.1
698243.7,3413408.2
698227.07,3413396.8
698210.27,3413386.2
698193.55,3413376.2
698177.09,3413366.7
698160.93,3413357.5
698145,3413348.2
698129.26,3413338.8
698113.52,3413328.6
698096.95,3413317.2
698078.04,3413304.8
698056.29,3413293.4
698033.1,3413284.1
698009.85,3413276.6
697986.67,3413269.9
697963.31,3413263.8
697939.37,3413257.6
697913.73,3413251.5
697884.91,3413247.2
697855.36,3413248
697828.9,3413252.3
697806.23,3413257.9
697787.08,3413263.3
697770.76,3413267.3
697756.45,3413269.4
697743.02,3413269.1
697729.47,3413267.3
697715.72,3413264.7
697702.19,3413261.5
697689.06,3413257.6
697676.33,3413253.1
697663.94,3413247.8
697651.84,3413241.8
697639.96,3413235.1
697628.26,3413227.9
697616.76,3413220.1
697605.47,3413211.9
697594.41,3413203.2
697583.67,3413194
697573.33,3413184.4
697563.45,3413174.1
697554.02,3413163.5
697545.43,3413152.7
697537.8,3413141.5
697531.03,3413130
697524.95,3413118.3
697519.36,3413106.3
697514.09,3413094.2
697509.09,3413082.2
697504.36,3413070.2
697499.81,3413058
697495.57,3413045.7
697491.67,3413033.1
697488.11,3413019.9
697484.96,3413006.1
697482.3,3412991.4
697480.2,3412975.7
697478.7,3412958.8
697477.78,3412940.7
697477.33,3412921.3
697477.03,3412900.9
697477.14,3412879.9
697477.59,3412858.4
697478.32,3412836.5
697479.22,3412814.2
697480.17,3412791.5
697481.02,3412768.5
697481.69,3412745.2
697482.02,3412721.4
697481.93,3412697.5
697481.31,3412673.3
697480.02,3412649.3
697478.37,3412625.7
697476.66,3412602.6
697475.02,3412579.7
697473.55,3412557
697472.14,3412534.3
697470.88,3412511.9
697469.95,3412489.5
697469.23,3412466.8
697468.55,3412443.6
697467.67,3412419.9
697466.17,3412395
697462.64,3412370.1
697458.39,3412346.7
697454.12,3412324.6
697450.57,3412303.7
697448.18,3412283.1
697446.38,3412262.6
697445.55,3412242.4
697445.66,3412221.8
697446.44,3412200.7
697447.71,3412178.8
697449.11,3412155.8
697449.5,3412131.4
697447.99,3412106.9
697445.39,3412083.5
697442.21,3412060.5
697438.3,3412037.7
697433.27,3412015
697427.15,3411993
697420.44,3411971.9
697413.8,3411951.8
697407.67,3411932.2
697402.2,3411912.6
697396.94,3411892.9
697392.2,3411873.4
697387.99,3411854.1
697384.21,3411834.7
697380.78,3411815.5
697377.66,3411796.5
697374.82,3411777.6
697372.24,3411759
697369.94,3411740.6
697367.93,3411722.5
697366.24,3411704.6
697364.86,3411687.1
697363.88,3411669.8
697363.33,3411652.6
697363.22,3411635.5
697363.48,3411618.3
697363.97,3411600.8
697364.59,3411583.1
697365.3,3411565.2
697366.14,3411547.2
697367.16,3411529
697368.42,3411510.7
697369.97,3411492.5
697371.95,3411474.3
697374.54,3411456.4
697377.91,3411438.7
697382.19,3411421.3
697387.44,3411403.6
697393.02,3411386
697399.35,3411368.9
697406.39,3411351.8
697413.98,3411334.8
697422.01,3411317.9
697430.41,3411301.2
697439.14,3411284.5
697448.18,3411268
697457.5,3411251.4
697467.12,3411234.9
697477.07,3411218.3
697487.37,3411201.6
697498.02,3411184.7
697509.02,3411167.5
697520.36,3411150
697532.02,3411132.2
697543.96,3411114.1
697556.12,3411095.7
697568.5,3411077.2
697581.06,3411058.7
697593.79,3411040.1
697606.72,3411021.6
697619.81,3411003.2
697633.08,3410984.9
697646.54,3410966.7
697660.17,3410948.5
697673.94,3410930.3
697687.85,3410912.1
697701.86,3410893.8
697715.94,3410875.5
697730.07,3410857
697744.18,3410838.3
697758.16,3410819.3
697771.9,3410800.2
697785.3,3410780.9
697798.38,3410761.5
697811.19,3410742.1
697823.8,3410722.8
697836.28,3410703.4
697848.65,3410684
697860.95,3410664.5
697873.17,3410645
697885.29,3410625.6
697897.26,3410606.2
697909.09,3410586.9
697920.72,3410567.7
697932.21,3410548.8
697943.64,3410530.2
697955.12,3410511.9
697966.72,3410493.7
697978.48,3410475.6
697990.42,3410457.5
698002.53,3410439.2
698014.77,3410420.8
698027.08,3410402.2
698039.43,3410383.4
698051.78,3410364.5
698064.11,3410345.6
698076.44,3410326.6
698088.75,3410307.8
698101.05,3410289
698113.35,3410270.5
698125.79,3410252.2
698138.48,3410233.9
698151.39,3410215.2
698164.09,3410195.7
698175.92,3410175.5
698186.61,3410155.2
698196.39,3410135.1
698205.53,3410115.3
698214.18,3410095.7
698222.53,3410076.2
698230.62,3410056.6
698238.47,3410036.9
698246.08,3410016.9
698253.41,3409996.7
698260.48,3409976.3
698267.23,3409955.6
698273.71,3409934.9
698280,3409914.1
698286.16,3409893.3
698292.23,3409872.5
698298.08,3409851.9
698303.93,3409831.4
698309.9,3409811.2
698316.12,3409791.1
698322.55,3409770.7
698329.08,3409750
698335.57,3409728.8
698341.84,3409707
698347.73,3409684.6
698352.92,3409661.6
698357.01,3409638.3
698360.02,3409615.3
698362.38,3409593
698364.6,3409571.5
698367,3409550.6
698369.71,3409530
698372.83,3409509.7
698376.5,3409489.4
698380.81,3409468.9
698385.59,3409447.7
698390.46,3409425.5
698395,3409402.3
698398.76,3409378.2
698401.32,3409353.4
698402.67,3409328.5
698402.95,3409303.6
698402.29,3409278.9
698400.86,3409254.3
698398.73,3409229.8
698395.82,3409205.2
698391.82,3409181
698387.4,3409157.2
698382.67,3409133.8
698377.71,3409110.5
698372.56,3409087.3
698367.22,3409064.2
698361.67,3409041.1
698355.9,3409018
698349.85,3408994.9
698343.44,3408971.9
698336.64,3408949.2
698354.44,3408932.8
698364.27,3408915.4
698370.4,3408896.8
698376.72,3408877.8
698381.61,3408864.4
698387.89,3408844.4
698393.59,3408826.5
698404.77,3408808.3
698415.55,3408790.9
698425.62,3408773.7
698436.08,3408757.5
698446.74,3408741.8
698457.69,3408726.7
698468.97,3408712.1
698480.6,3408697.6
698492.62,3408683.1
698504.96,3408668.4
698517.56,3408653.5
698530.3,3408638.4
698543.07,3408623
698555.81,3408607.6
698568.49,3408591.9
698581.08,3408576.2
698593.57,3408560.3
698605.93,3408544.4
698618.2,3408528.4
698630.47,3408512.6
698642.74,3408497.2
698655.07,3408482.4
698667.75,3408468
698681.16,3408454
698695.31,3408439.8
698709.9,3408425.1
698724.49,3408409.6
698738.66,3408393.1
698751.54,3408376.9
698763.91,3408360.2
698775.73,3408343.6
698787.23,3408327.1
698798.5,3408310.6
698809.66,3408294.2
698820.82,3408277.8
698832.17,3408261.3
698843.59,3408245
698855.32,3408228.3
698867.15,3408211.4
698879.05,3408193.9
698890.71,3408175.8
698901.76,3408157
698912.05,3408137.6
698921.6,3408117.8
698930.5,3408097.7
698938.91,3408077.3
698946.99,3408056.4
698954.58,3408034.9
698961.51,3408012.3
698965.93,3407989.1
698966.81,3407966.5
698966.32,3407943.9
698965.65,3407922.6
698964.61,3407902
698964.02,3407882.1
698963.84,3407862.4
698963.98,3407842.9
698964.45,3407823
698965.3,3407803.2
698966.73,3407783.4
698967.97,3407762.4
698967.79,3407739.7
698970.52,3407719.3
698973.51,3407701
698977.63,3407680.9
698981.16,3407661.9
698984.03,3407639.4
698989.35,3407619.3
698994.68,3407599
699003.07,3407580
699011.1,3407561.8
699019.35,3407542.9
699028.8,3407521.9
699040.08,3407496.3
699047.99,3407478.5
699055.77,3407461.7
699065.74,3407441.8
699075.87,3407420.7
699085.49,3407400.7
699095.11,3407381.9
699105.16,3407360.9
699112.14,3407336.9
699126.92,3407318.2
699141.83,3407298.5
699156.8,3407277.2
699170.14,3407254.5
699182.07,3407231.6
699192.83,3407208.8
699202.59,3407186.2
699211.5,3407164.1
699219.77,3407142.6
699227.7,3407121.9
699235.6,3407102
699243.72,3407082.8
699252.26,3407064.1
699261.48,3407045.6
699271.33,3407027
699281.21,3407008.1
699291.41,3406989.3
699301.88,3406970.2
699312.45,3406950.6
699322.93,3406930.4
699333.09,3406909.7
699342.74,3406888.4
699351.45,3406866.8
699359.49,3406845.3
699367.11,3406823.9
699374.44,3406802.6
699381.64,3406781.5
699388.82,3406760.4
699395.94,3406739.3
699403.07,3406718.2
699410.29,3406697.3
699417.61,3406676.5
699425.01,3406655.6
699432.52,3406634.8
699440.15,3406614
699447.96,3406592.9
699464.43,3406586.3
699479.85,3406576.7
699491.67,3406568
699502.72,3406560.1
699511.84,3406552
699517.92,3406545.4
699525.62,3406537.2
699533.43,3406528.8
699541.95,3406519.9
699549.9,3406511.2
699558.35,3406502.8
699565.46,3406494.9
699573.17,3406486.9
699581.69,3406477.9
699591.22,3406467
699598.29,3406456.4
699606.61,3406446.8
699615.3,3406437.1
699623.74,3406427.2
699631.71,3406418.2
699640.25,3406409.6
699649.56,3406402.1
699659.14,3406393.4
699666.94,3406386.8
699674.48,3406379.7
699681.99,3406373.9
699689.27,3406368.8
699695.01,3406364.7
699700.65,3406360.8
699708.19,3406355.3
699716.63,3406349.1
699726.77,3406341.7
699738.43,3406333.1
699751.03,3406323.9
699764.47,3406313.7
699779.94,3406301.8
699801.24,3406284.9
699824.83,3406265.1
699848.51,3406244.1
699872.18,3406222.3
699867.03,3406216.8
699889.32,3406195.4
699911.63,3406173.3
699934.69,3406149.8
699940.66,3406155.6
699961.81,3406133.6
699983.41,3406110.6
700004.71,3406087.1
700025.71,3406062.9
700046.24,3406037.7
700065.87,3406011.4
700084.33,3405984.4
700102.26,3405956.3
700092.75,3405950.4
700109.45,3405922.8
700099.83,3405917.1
700115.7,3405889.4
700105.77,3405883.9
700120.03,3405857.3
700135.01,3405828.1
700145.99,3405833.7
700160.48,3405805.7
700172.1,3405811.7
700186.18,3405784.5
700200.48,3405754.2
700213.91,3405760.2
700226.56,3405729.5
700237.61,3405698
700247.59,3405666.6
700256.62,3405634.8
700264.42,3405603
700271.25,3405571.6
700277.58,3405540.9
700283.88,3405510.7
700290.47,3405480.9
700297.07,3405451.6
700303.08,3405423.7
700308.1,3405398.7
700312.18,3405376.8
700315.71,3405356.7
700318.08,3405337.5
700320.28,3405318.4
700325.59,3405302.1
700327.98,3405287.4
700334.09,3405275
700341.27,3405257.7
700349.51,3405239.9
700356.79,3405222.8
700365.46,3405203.4
700374.84,3405181.9
700382.41,3405162.9
700389.81,3405142.3
700397.44,3405120.7
700408.69,3405103.8
700411.26,3405085.3
700429.06,3405069
700445.73,3405053.1
700462.06,3405037.1
700478.12,3405021
700494.05,3405004.8
700509.95,3404988.5
700521.41,3404979.4
700533.63,3404970.7
700546.33,3404960.9
700559.53,3404950.9
700573.54,3404941.3
700586.94,3404933.2
700602.93,3404929.6
700624.14,3404922.7
700646.37,3404916.6
700668.44,3404909.6
700689.46,3404903.8
700711.96,3404896.6
700736.08,3404889.7
700762.3,3404901.8
700782.46,3404910.6
700802.67,3404919.7
700821.43,3404928
700838.71,3404925
700857.66,3404921.5
700885.55,3404916.8
700906.17,3404905.9
700928.83,3404916.5
700939.39,3404893.8
700962.05,3404904.4
700984.71,3404915
700995.27,3404892.3
701005.84,3404869.7
701026.97,3404824.3
701072.29,3404845.5
701093.42,3404800.2
701114.55,3404754.8
701135.68,3404709.5
701156.81,3404664.2
701202.12,3404685.3
701247.44,3404706.5
701268.57,3404661.2
701289.7,3404615.8
701335.02,3404637
701356.15,3404591.7
701401.46,3404612.8
701422.59,3404567.5
701467.91,3404588.6
701489.04,3404543.3
701510.17,3404498
701555.49,3404519.1
701576.62,3404473.8
701621.93,3404494.9
701643.06,3404449.6
701688.38,3404470.7
701730.64,3404380.1
701821.27,3404422.4
701863.53,3404331.7
701905.8,3404241.1
701948.06,3404150.5
702038.69,3404192.7
702129.32,3404235
702171.58,3404144.4
702262.21,3404186.6
702304.47,3404096
702346.74,3404005.4
702437.37,3404047.6
702479.63,3403957
702521.89,3403866.4
702564.15,3403775.7
702606.41,3403685.1
702697.04,3403727.4
702739.31,3403636.7
702781.57,3403546.1
702690.94,3403503.8
702733.2,3403413.2
702642.57,3403371
702551.94,3403328.7
702461.31,3403286.4
702503.57,3403195.8
702545.83,3403105.2
702636.46,3403147.4
702727.09,3403189.7
702769.35,3403099.1
702859.98,3403141.3
702950.62,3403183.6
703041.25,3403225.8
702998.98,3403316.5
703089.62,3403358.7
703047.35,3403449.4
703005.09,3403540
702962.83,3403630.6
702920.57,3403721.3
703011.2,3403763.5
702968.94,3403854.2
703059.57,3403896.4
703017.31,3403987
703107.94,3404029.3
703198.57,3404071.6
703289.2,3404113.8
703379.83,3404156.1
703337.57,3404246.7
703428.2,3404289
703518.83,3404331.2
703476.57,3404421.9
703567.2,3404464.1
703524.94,3404554.8
703615.57,3404597
703706.2,3404639.3
703663.94,3404729.9
703754.57,3404772.2
703845.2,3404814.4
703935.83,3404856.7
704026.46,3404899
704117.09,3404941.2
704207.72,3404983.5
704165.46,3405074.1
704123.2,3405164.8
704080.93,3405255.4
704038.67,3405346
704129.3,3405388.3
704219.93,3405430.5
704310.57,3405472.8
704401.2,3405515.1
704491.83,3405557.3
704534.09,3405466.7
704624.72,3405509
704666.98,3405418.3
704757.61,3405460.6
704848.24,3405502.9
704938.87,3405545.1
704896.61,3405635.7
704987.24,3405678
705077.87,3405720.3
705035.61,3405810.9
705126.24,3405853.2
705216.87,3405895.4
705307.5,3405937.7
705398.13,3405979.9
705488.77,3406022.2
705579.4,3406064.5
705537.13,3406155.1
705494.87,3406245.7
705585.5,3406288
705676.13,3406330.3
705633.87,3406420.9
705724.5,3406463.1
705815.13,3406505.4
705905.76,3406547.7
705996.4,3406589.9
706087.03,3406632.2
706044.76,3406722.8
706135.4,3406765.1
706226.03,3406807.3
706183.76,3406898
706274.39,3406940.2
706365.03,3406982.5
706455.66,3407024.8
706546.29,3407067
706636.92,3407109.3
706727.55,3407151.6
706818.18,3407193.8
706908.81,3407236.1
706951.07,3407145.4
707041.7,3407187.7
707132.33,3407230
707174.6,3407139.3
707265.23,3407181.6
707355.86,3407223.9
707446.49,3407266.1
707537.12,3407308.4
707579.38,3407217.8
707670.01,3407260
707712.27,3407169.4
707802.9,3407211.6
707893.53,3407253.9
707851.27,3407344.5
707941.9,3407386.8
708032.53,3407429.1
708123.17,3407471.3
708165.43,3407380.7
708256.06,3407423
708346.69,3407465.2
708304.43,3407555.8
708395.06,3407598.1
708485.69,3407640.4
708576.32,3407682.6
708666.95,3407724.9
708709.21,3407634.3
708799.84,3407676.5
708890.47,3407718.8
708932.74,3407628.2
709023.37,3407670.4
709114,3407712.7
709204.63,3407754.9
709162.37,3407845.6
709120.1,3407936.2
709077.84,3408026.8
709035.58,3408117.5
708993.32,3408208.1
709083.95,3408250.4
709041.69,3408341
709132.32,3408383.3
709090.06,3408473.9
709180.69,3408516.1
709138.43,3408606.8
709229.06,3408649
709186.79,3408739.7
709277.42,3408781.9
709235.16,3408872.6
709192.9,3408963.2
709150.64,3409053.8
709241.27,3409096.1
709199.01,3409186.7
709289.64,3409229
709380.27,3409271.2
709470.9,3409313.5
709561.53,3409355.8
709652.16,3409398
709694.42,3409307.4
709785.05,3409349.7
709875.69,3409391.9
709966.32,3409434.2
709924.05,3409524.8
710014.69,3409567.1
710105.32,3409609.3
710063.05,3409700
710153.69,3409742.2
710244.32,3409784.5
710334.95,3409826.7
710425.58,3409869
710467.84,3409778.4
710558.47,3409820.6
710600.73,3409730
710691.36,3409772.3
710781.99,3409814.5
710872.62,3409856.8
710963.25,3409899.1
711053.89,3409941.3
711096.15,3409850.7
711186.78,3409893
711277.41,3409935.2
711368.04,3409977.5
711458.67,3410019.7
711549.3,3410062
711507.04,3410152.6
711597.67,3410194.9
711555.41,3410285.5
711513.15,3410376.2
711470.88,3410466.8
711428.62,3410557.4
711386.36,3410648
711344.1,3410738.7
711434.73,3410780.9
711392.47,3410871.6
711350.21,3410962.2
711307.94,3411052.8
711265.68,3411143.5
711356.31,3411185.7
711314.05,3411276.4
711271.79,3411367
711362.42,3411409.2
711320.16,3411499.9
711277.9,3411590.5
711368.53,3411632.8
711326.27,3411723.4
711416.9,3411765.7
711374.64,3411856.3
711465.27,3411898.6
711555.9,3411940.8
711646.53,3411983.1
711604.27,3412073.7
711694.9,3412116
711652.63,3412206.6
711743.27,3412248.9
711701,3412339.5
711791.63,3412381.8
711883.17,3412424.5
711843.53,3412514.8
711933.7,3412555.4
711974.91,3412466.7
712016.46,3412375.6
712057.42,3412285
712099.68,3412194.4
712009.05,3412152.1
712051.31,3412061.5
712093.57,3411970.9
712135.84,3411880.2
712178.1,3411789.6
712220.36,3411699
712129.73,3411656.7
712171.99,3411566.1
712214.25,3411475.4
712123.62,3411433.2
712165.88,3411342.6
712075.25,3411300.3
712117.51,3411209.7
712159.78,3411119
712069.15,3411076.8
712111.41,3410986.1
712153.67,3410895.5
712063.04,3410853.2
712105.3,3410762.6
712014.67,3410720.4
712056.93,3410629.7
712099.19,3410539.1
712008.56,3410496.8
712050.82,3410406.2
712093.09,3410315.6
712002.46,3410273.3
712044.72,3410182.7
712086.98,3410092
712129.24,3410001.4
712171.5,3409910.8
712213.76,3409820.2
712123.13,3409777.9
712165.4,3409687.3
712207.66,3409596.6
712249.92,3409506
712159.29,3409463.7
712201.55,3409373.1
712110.92,3409330.8
712153.18,3409240.2
712195.44,3409149.6
712104.81,3409107.3
712147.07,3409016.7
712056.44,3408974.4
711965.81,3408932.2
712008.07,3408841.5
711917.44,3408799.3
711826.81,3408757
711736.18,3408714.8
711645.55,3408672.5
711554.92,3408630.2
711464.29,3408588
711373.66,3408545.7
711283.03,3408503.4
711240.77,3408594.1
711150.14,3408551.8
711059.5,3408509.5
711101.77,3408418.9
711011.14,3408376.7
710920.51,3408334.4
710962.77,3408243.8
710872.14,3408201.5
710781.51,3408159.2
710690.87,3408117
710600.24,3408074.7
710642.51,3407984.1
710551.87,3407941.8
710461.24,3407899.6
710370.61,3407857.3
710328.35,3407947.9
710237.72,3407905.7
710195.46,3407996.3
710104.83,3407954
710014.2,3407911.8
709923.57,3407869.5
709832.94,3407827.3
709742.3,3407785
709784.57,3407694.4
709826.83,3407603.7
709736.2,3407561.5
709778.46,3407470.8
709687.83,3407428.6
709597.2,3407386.3
709639.46,3407295.7
709681.72,3407205.1
709591.09,3407162.8
709633.35,3407072.2
709542.72,3407029.9
709452.09,3406987.6
709494.35,3406897
709403.72,3406854.7
709445.98,3406764.1
709355.35,3406721.8
709397.62,3406631.2
709306.98,3406589
709349.25,3406498.3
709258.62,3406456.1
709300.88,3406365.4
709210.25,3406323.2
709252.51,3406232.5
709294.77,3406141.9
709337.03,3406051.3
709427.66,3406093.5
709469.92,3406002.9
709560.56,3406045.2
709651.19,3406087.4
709693.45,3405996.8
709735.71,3405906.2
709826.34,3405948.4
709916.97,3405990.7
709959.23,3405900.1
710049.86,3405942.3
710140.49,3405984.6
710231.13,3406026.9
710321.76,3406069.1
710412.39,3406111.4
710370.13,3406202
710460.76,3406244.3
710551.39,3406286.5
710642.02,3406328.8
710684.28,3406238.2
710774.91,3406280.4
710817.17,3406189.8
710907.8,3406232.1
710998.43,3406274.3
711040.7,3406183.7
711131.33,3406225.9
711221.96,3406268.2
711264.22,3406177.6
711354.85,3406219.8
711445.48,3406262.1
711536.11,3406304.4
711578.37,3406213.7
711669,3406256
711759.63,3406298.3
711850.27,3406340.5
711940.9,3406382.8
712031.53,3406425
712122.16,3406467.3
712212.79,3406509.6
712303.42,3406551.8
712345.68,3406461.2
712436.31,3406503.5
712526.94,3406545.7
712569.2,3406455.1
712659.84,3406497.4
712750.47,3406539.6
712841.1,3406581.9
712931.73,3406624.1
713022.36,3406666.4
713112.99,3406708.7
713155.25,3406618
713245.88,3406660.3
713336.51,3406702.6
713427.14,3406744.8
713472.46,3406765.9
713517.77,3406787.1
713563.09,3406808.2
713608.4,3406829.3
713653.72,3406850.5
713699.04,3406871.6
713744.35,3406892.7
713789.67,3406913.9
713834.98,3406935
713880.3,3406956.1
713925.61,3406977.3
713970.93,3406998.4
714016.24,3407019.5
714061.56,3407040.6
714106.87,3407061.8
714152.19,3407082.9
714197.5,3407104
714242.82,3407125.2
714288.14,3407146.3
714333.45,3407167.4
714354.58,3407122.1
714399.9,3407143.2
714445.21,3407164.4
714490.53,3407185.5
714535.84,3407206.6
714581.16,3407227.8
714626.47,3407248.9
714671.79,3407270
714717.11,3407291.2
714762.42,3407312.3
714807.74,3407333.4
714853.05,3407354.6
714831.92,3407399.9
714877.24,3407421
714922.55,3407442.1
714967.87,3407463.3
715013.18,3407484.4
715058.5,3407505.5
715103.81,3407526.7
715124.94,3407481.3
715170.26,3407502.5
715215.57,3407523.6
715260.89,3407544.7
715282.02,3407499.4
715327.34,3407520.6
715372.65,3407541.7
715417.97,3407562.8
715463.28,3407583.9
715508.6,3407605.1
715553.91,3407626.2
715599.23,3407647.3
715644.54,3407668.5
715689.86,3407689.6
715735.17,3407710.7
715780.49,3407731.9
715825.81,3407753
715871.12,3407774.1
715916.44,3407795.3
715895.31,3407840.6
715940.62,3407861.7
715919.49,3407907
715964.81,3407928.1
716010.12,3407949.3
716055.44,3407970.4
716034.3,3408015.7
716079.62,3408036.9
716058.49,3408082.2
716103.8,3408103.3
716082.67,3408148.6
716061.54,3408193.9
716106.86,3408215.1
716152.17,3408236.2
716131.04,3408281.5
716176.36,3408302.6
716221.67,3408323.8
716200.54,3408369.1
716245.86,3408390.2
716291.17,3408411.3
716336.49,3408432.5
716381.8,3408453.6
716427.12,3408474.7
716472.43,3408495.9
716517.75,3408517
716538.88,3408471.7
716584.2,3408492.8
716605.33,3408447.5
716650.64,3408468.6
716695.96,3408489.8
716741.27,3408510.9
716786.59,3408532
716831.9,3408553.2
716877.22,3408574.3
716922.54,3408595.4
716967.85,3408616.5
717013.17,3408637.7
717058.48,3408658.8
717103.8,3408679.9
717149.11,3408701.1
717194.43,3408722.2
717239.74,3408743.3
717285.06,3408764.5
717330.37,3408785.6
717375.69,3408806.7
717421,3408827.9
717466.32,3408849
717511.64,3408870.1
717532.77,3408824.8
717578.08,3408845.9
717623.4,3408867.1
717644.53,3408821.8
717696.71,3408845.9
717748.88,3408870.1
717801.15,3408893.4
717853.41,3408916.7
717873.17,3408871.3
717892.92,3408825.9
717948.89,3408846.5
718004.85,3408867.1
718058.37,3408884.3
718111.9,3408901.4
718164.4,3408918.1
718216.9,3408934.8
718268.73,3408950.1
718320.56,3408965.4
718424.87,3408992.4
718530.3,3409015.7
718637.52,3409035.3
718746.96,3409050.6
718858.01,3409060.2
718968.99,3409064.1
719077.99,3409063.1
719180.38,3409058.9
719179.96,3408974.8
719296.68,3408970
719406.46,3408963.4
719458.83,3408959.6
719456.38,3408920.5
719509.86,3408917.1
719507.36,3408879
719562.03,3408875.9
719616.7,3408872.8
719669.4,3408869.9
719722.09,3408867
719720.88,3408831.4
719772.67,3408829.5
719825.35,3408828.1
719826.2,3408862.4
719877.97,3408860.8
719929.75,3408859.1
719981.52,3408857.7
720033.29,3408856.3
720084.68,3408854.8
720136.07,3408853.2
720186.58,3408851.5
720237.1,3408849.7
720287.19,3408848
720337.29,3408846.2
720338.66,3408875.3
720388.28,3408872.4
720438.24,3408869
720439.84,3408897.4
720485.98,3408894.2
720484.38,3408865.9
720531.4,3408864.1
720530.67,3408837.2
720586.81,3408833.5
720642.95,3408829.8
720695.28,3408826.2
720747.6,3408822.5
720799.52,3408818.5
720851.43,3408814.5
720853.71,3408838.3
720902.94,3408831.6
720952.46,3408827
720953.73,3408850.5
721008.01,3408844
721010.61,3408866
721064.87,3408859.6
721067.44,3408881.7
721120.82,3408874.8
721174.19,3408867.9
721227.47,3408859.6
721280.74,3408851.2
721331.5,3408842.1
721382.27,3408833.1
721433.58,3408825.6
721484.89,3408818
721538.34,3408808.8
721591.8,3408799.6
721642.59,3408787.7
721693.39,3408775.9
721787.54,3408751
721876.31,3408729.5
721961.3,3408716.9
722034.33,3408709.7
722096.45,3408704.1
722150.95,3408702.6
722205.56,3408708.7
722271.25,3408724.7
722357.96,3408747.4
722454.77,3408767.4
722538.81,3408782.2
722620.51,3408794.6
722691.12,3408801.1
722753.93,3408800.9
722814.07,3408796.6
722884.03,3408790.7
722965.99,3408780.2
723025.36,3408779.5
723073.12,3408783.4
723118.05,3408789.7
723164.17,3408798.9
723215.01,3408812.1
723269.76,3408828.2
723329.36,3408848.3
723412.79,3408883.6
723500.97,3408921.5
723581.95,3408952.4
723634.67,3408973.1
723676.34,3408996
723712.7,3409023.5
723741.61,3409051.1
723761.78,3409076.7
723777.48,3409101
723789.72,3409126.3
723799.66,3409154.9
723806.67,3409189.2
723810.39,3409229.2
723812.27,3409271.4
723813.38,3409309.5
723810.81,3409338.5
723803.38,3409361.3
723791.62,3409382.9
723776.78,3409406.7
723758.83,3409436.8
723736.3,3409474.2
723694.09,3409532.9
723652.22,3409592.3
723608.52,3409647.4
723570.48,3409712
723549.04,3409778.4
723537.84,3409840.5
723532.96,3409898.2
723532.38,3409951.9
723534.76,3410004.7
723539.89,3410062.6
723549.02,3410125.7
723559.82,3410180
723572.69,3410227.6
723589.66,3410271.3
723611.92,3410310.5
723637.68,3410345.4
723665.06,3410376.8
723690.54,3410405.7
723709.76,3410433.5
723727.95,3410461.1
723744.12,3410487.8
723758.88,3410515.3
723771.94,3410544.6
723782.98,3410578
723791.84,3410618.2
723797.68,3410667
723799.52,3410720.9
723797.5,3410789.8
723801.62,3410875.8
723803.02,3410975.5
723793.57,3411068.7
723778.32,3411138.3
723757.91,3411204.7
723741.28,3411280.7
723726.03,3411347
723711.42,3411398.9
723701.24,3411431.2
723691.42,3411455
723678.14,3411475.6
723660.3,3411498.1
723636.29,3411524.5
723606.97,3411563
723588.57,3411613
723574.74,3411665.7
723559.75,3411730.8
723546.54,3411804.3
723536.96,3411869.2
723526.2,3411917.4
723514.19,3411959.4
723503.88,3412000.1
723492.06,3412039.1
723472.49,3412083
723441.19,3412137.5
723398.5,3412205.6
723358.53,3412275.2
723324.66,3412345.4
723296.5,3412414
723273.94,3412479.5
723258.44,3412544.3
723252.85,3412607.9
723254.91,3412667.7
723261.17,3412725.7
723273.05,3412788.6
723294.89,3412855.4
723323.23,3412927.9
723356.42,3413008.5
723394.51,3413092.9
723433.11,3413183
723464.3,3413268
723488.64,3413366.8
723523.54,3413461.3
723564.53,3413551.2
723593.8,3413625.6
723612.99,3413690.7
723622.85,3413740.8
723626.55,3413780.4
723627.09,3413816.3
723624.91,3413852.7
723618.03,3413895.3
723604.35,3413957.3
723590.8,3414033.4
723588.53,3414113
723589.1,3414199.1
723595.91,3414306
723626.06,3414393.7
723647.55,3414455.8
723663.57,3414513.9
723683.41,3414571.9
723707.61,3414633.3
723742.24,3414700.6
723785.09,3414768.4
723833.43,3414836
723879.82,3414893.2
723925.9,3414957.6
723965.79,3415023
724011.64,3415088.9
724054.41,3415147.8
724092.93,3415190.6
724122.41,3415224.9
724153.26,3415254.6
724181.71,3415285.5
724215.64,3415319.9
724262.3,3415355
724315.72,3415371.6
724366.64,3415384.2
724419.71,3415392.4
724479.78,3415403.2
724557.18,3415410.8
724646.37,3415408.2
724746.03,3415400.2
724849.79,3415390.4
724947.56,3415382.2
725035.63,3415377.8
725120.31,3415380.3
725214.3,3415385.4
725215.47,3415360.3
725216.46,3415335
725217.26,3415309.5
725217.87,3415283.7
725218.3,3415257.7
725218.74,3415231.4
725219.18,3415204.8
725219.63,3415177.9
725220.08,3415150.7
725220.54,3415123.2
725120.99,3415121.6
725022.75,3415127.1
724924.3,3415140.8
724825.69,3415154.2
724724.34,3415164.5
724632.13,3415172.6
724556.77,3415174.5
724492.94,3415175.6
724442.95,3415175.9
724403.2,3415174.1
724369.4,3415170.3
724338.8,3415163.8
724309.74,3415154.5
724281.71,3415142.6
724254.73,3415127.9
724228.11,3415110.6
724202.18,3415089.9
724173.37,3415056.7
724138.74,3415005.7
724105.96,3414943.3
724077.64,3414874
724039.13,3414791.4
723994.37,3414722.9
723952.2,3414661.4
723919.51,3414603
723892.35,3414548.1
723872.86,3414501.7
723859.08,3414458.6
723851.25,3414413
723848.85,3414356.5
723850.42,3414281.5
723849.51,3414190.7
723846.58,3414109.5
723842.01,3414040.9
723838.7,3413980.7
723843.38,3413921.7
723850.31,3413867.5
723854.98,3413813.8
723851.97,3413752.7
723832.67,3413693.4
723808.55,3413629.1
723774.79,3413554.3
723736.33,3413475.3
723695.78,3413387.2
723662.07,3413306.6
723627.02,3413212.8
723592.98,3413120.3
723559.01,3413029.6
723537.4,3412946.8
723518.46,3412866.4
723502.12,3412800.9
723495.63,3412752.2
723494.08,3412709.2
723495.09,3412669.6
723498.99,3412631.8
723507.32,3412592.9
723519.29,3412549
723534.32,3412501.2
723555.83,3412449.8
723584.5,3412394.4
723618.35,3412334.6
723662.7,3412263.6
723697.19,3412192.2
723726.1,3412132.8
723750.58,3412074
723764.69,3412009.6
723760.21,3411947.8
723755.94,3411892.4
723759.12,3411832.8
723769.28,3411771.4
723782.96,3411719
723794.14,3411678.4
723803.3,3411647.4
723812.62,3411620.6
723823.25,3411596
723838.96,3411570.1
723858.08,3411537.8
723873.75,3411497.3
723885.68,3411450.2
723898.72,3411388.1
723912.45,3411317.4
723926.58,3411240
723935.28,3411168.3
723943.55,3411088.3
723953.67,3410988.9
723970.76,3410888.7
723989.78,3410806.1
724005.57,3410727.3
724003.52,3410650.4
723996.13,3410584.5
723985.68,3410524.5
723970.11,3410470.2
723948.68,3410423.1
723926.14,3410381
723900.3,3410339.5
723867.15,3410302.7
723831.56,3410271.5
723798.24,3410245.1
723771.77,3410224.2
723750.06,3410206.2
723732.59,3410187.7
723718.44,3410165.7
723707.24,3410137.9
723699.15,3410099.5
723693.39,3410051
723697.58,3410009.6
723706.15,3409969.6
723716.61,3409929.9
723730.28,3409889.2
723746.79,3409846.6
723766.28,3409803.2
723790.57,3409757.3
723823.76,3409700.6
723853.59,3409639.2
723894.19,3409581.4
723926.51,3409536.4
723951.66,3409496
723971.67,3409455
723981.99,3409408.1
723984.29,3409360.6
723982.34,3409308.9
723973.48,3409254.8
723960.24,3409203.9
723946.16,3409155.7
723931.39,3409109.5
723913.94,3409068.6
723895.4,3409029.2
723867.15,3408994
723835.5,3408960.1
723795.45,3408924
723748.46,3408888.9
723696.79,3408856.4
723638.47,3408826.3
723562.44,3408788.8
723479.98,3408743.7
723392.61,3408699.8
723325.66,3408671.1
723265.11,3408646.9
723201.75,3408627.6
723140.02,3408619
723082.54,3408615.3
723019.93,3408617.5
722948.88,3408626.5
722869.46,3408636.9
722811,3408637.2
722758.63,3408634.4
722707.37,3408629.5
722650.23,3408620
722579.82,3408603.4
722509.09,3408580
722427.33,3408543.7
722346.75,3408501.4
722263.22,3408466.7
722183.19,3408447.5
722109.33,3408437.9
722035.69,3408431.8
721954.14,3408425.7
721858.89,3408418.4
721759.11,3408409.6
721656.49,3408401.6
721601.72,3408399.6
721546.95,3408397.6
721546.6,3408376.5
721546.25,3408355.5
721491.15,3408356.4
721436.05,3408357.3
721383.29,3408360.9
721384.77,3408382.4
721332.37,3408386.7
721282.84,3408390.8
721233.3,3408393.8
721234.66,3408416.1
721185.26,3408418.8
721135.87,3408421.5
721088.43,3408421.8
721041,3408422.1
720994.25,3408419.8
720947.5,3408417.5
720946.02,3408441.4
720897.34,3408438.2
720849.56,3408433.8
720798.64,3408429.5
720801.34,3408403.4
720750.89,3408398.3
720696.3,3408393.3
720641.71,3408388.3
720643.83,3408359.4
720596.28,3408355.5
720598.85,3408325.9
720551.75,3408321.4
720503.09,3408315.6
720500.09,3408345.5
720451.77,3408340.2
720449.12,3408370.7
720400.75,3408366.4
720398.13,3408396.9
720395.88,3408427.3
720347.35,3408423.5
720297.91,3408419.7
720248.46,3408415.9
720198.79,3408411.7
720201.39,3408380.6
720152.14,3408375.9
720155.16,3408344.3
720106.36,3408338.6
720057.55,3408333
720007.07,3408325.4
719956.59,3408317.8
719966.13,3408249
719867.92,3408231.3
719764.63,3408213.9
719653.63,3408193.3
719665.5,3408116.9
719570.44,3408097.4
719475.02,3408077.8
719383.25,3408056.4
719295.34,3408034.2
719211.29,3408012
719130.94,3407989.6
719053.37,3407966.2
718977.22,3407941.7
718901.72,3407916.7
718826.16,3407891.5
718750.66,3407868
718677.44,3407845.2
718608.6,3407820.9
718574.79,3407914.6
718497.05,3407886
718460.55,3407977.3
718368.27,3407939
718280.81,3407901.1
718200.04,3407867.1
718242.3,3407776.4
718151.67,3407734.2
718061.04,3407691.9
717970.41,3407649.7
718012.67,3407559
717922.04,3407516.8
717831.41,3407474.5
717740.78,3407432.2
717650.15,3407390
717559.52,3407347.7
717468.89,3407305.5
717378.25,3407263.2
717287.62,3407220.9
717196.99,3407178.7
717106.36,3407136.4
717148.62,3407045.8
717057.99,3407003.5
716967.36,3406961.3
716876.73,3406919
716786.1,3406876.7
716695.47,3406834.5
716604.84,3406792.2
716514.21,3406749.9
716423.58,3406707.7
716332.95,3406665.4
716242.32,3406623.2
716151.69,3406580.9
716061.05,3406538.6
715970.42,3406496.4
715879.79,3406454.1
715789.16,3406411.9
715698.53,3406369.6
715740.79,3406279
715650.16,3406236.7
715559.53,3406194.4
715468.9,3406152.2
715378.27,3406109.9
715287.64,3406067.6
715197.01,3406025.4
715106.38,3405983.1
715148.64,3405892.5
715058.01,3405850.2
714967.38,3405808
714876.75,3405765.7
714786.12,3405723.4
714695.49,3405681.2
714604.86,3405638.9
714562.59,3405729.6
714471.96,3405687.3
714381.33,3405645
714339.07,3405735.7
714248.44,3405693.4
714157.81,3405651.1
714067.18,3405608.9
713976.55,3405566.6
713885.92,3405524.4
713795.29,3405482.1
713704.65,3405439.8
713614.02,3405397.6
713523.39,3405355.3
713432.76,3405313
713342.13,3405270.8
713251.5,3405228.5
713160.87,3405186.3
713118.61,3405276.9
713027.98,3405234.6
712937.35,3405192.4
712846.72,3405150.1
712804.45,3405240.7
712713.82,3405198.5
712623.19,3405156.2
712532.56,3405113.9
712490.3,3405204.6
712444.98,3405183.4
712423.85,3405228.8
712378.54,3405207.6
712357.41,3405252.9
712312.09,3405231.8
712266.78,3405210.7
712245.65,3405256
712224.51,3405301.3
712133.88,3405259.1
712043.25,3405216.8
711952.62,3405174.5
711861.99,3405132.3
711771.36,3405090
711813.62,3404999.4
711722.99,3404957.1
711632.36,3404914.9
711541.73,3404872.6
711451.1,3404830.3
711360.47,3404788.1
711402.73,3404697.4
711312.1,3404655.2
711221.47,3404612.9
711130.84,3404570.7
711040.21,3404528.4
710949.58,3404486.1
710907.31,3404576.8
710816.68,3404534.5
710774.42,3404625.1
710683.79,3404582.9
710641.53,3404673.5
710550.9,3404631.2
710460.27,3404589
710369.64,3404546.7
710327.38,3404637.3
710236.74,3404595.1
710194.48,3404685.7
710103.85,3404643.4
710061.59,3404734.1
710019.33,3404824.7
709928.7,3404782.4
709886.44,3404873.1
709865.3,3404918.4
709844.17,3404963.7
709823.04,3405009
709801.91,3405054.3
709756.6,3405033.2
709735.47,3405078.5
709690.15,3405057.4
709669.02,3405102.7
709623.7,3405081.6
709578.39,3405060.4
709533.07,3405039.3
709487.76,3405018.2
709442.44,3404997.1
709397.13,3404975.9
709351.81,3404954.8
709306.5,3404933.7
709261.18,3404912.5
709215.87,3404891.4
709125.23,3404849.1
709082.97,3404939.8
708992.34,3404897.5
708901.71,3404855.2
708811.08,3404813
708768.82,3404903.6
708678.19,3404861.4
708587.56,3404819.1
708496.93,3404776.8
708406.3,3404734.6
708448.56,3404643.9
708357.93,3404601.7
708267.3,3404559.4
708176.67,3404517.2
708218.93,3404426.5
708128.3,3404384.3
708037.67,3404342
707947.03,3404299.7
707856.4,3404257.5
707814.14,3404348.1
707723.51,3404305.8
707632.88,3404263.6
707675.14,3404172.9
707584.51,3404130.7
707493.88,3404088.4
707403.25,3404046.2
707312.62,3404003.9
707221.99,3403961.6
707131.36,3403919.4
707089.1,3404010
706998.47,3403967.7
706907.83,3403925.5
706817.2,3403883.2
706726.57,3403841
706635.94,3403798.7
706545.31,3403756.4
706587.57,3403665.8
706496.94,3403623.5
706406.31,3403581.3
706315.68,3403539
706225.05,3403496.8
706182.79,3403587.4
706092.16,3403545.1
706001.53,3403502.9
705910.9,3403460.6
705868.63,3403551.2
705778,3403509
705687.37,3403466.7
705596.74,3403424.5
705506.11,3403382.2
705548.37,3403291.6
705457.74,3403249.3
705367.11,3403207
705409.37,3403116.4
705318.74,3403074.1
705228.11,3403031.9
705137.48,3402989.6
705046.85,3402947.4
705004.59,3403038
704913.96,3402995.7
704823.33,3402953.5
704732.7,3402911.2
704774.96,3402820.6
704684.33,3402778.3
704726.59,3402687.7
704635.96,3402645.4
704678.22,3402554.8
704720.48,3402464.2
704762.74,3402373.5
704805,3402282.9
704895.64,3402325.2
704937.9,3402234.5
704980.16,3402143.9
705022.42,3402053.3
705113.05,3402095.5
705155.31,3402004.9
705197.58,3401914.3
705239.84,3401823.6
705330.47,3401865.9
705372.73,3401775.3
705414.99,3401684.6
705457.25,3401594
705499.52,3401503.4
705408.88,3401461.1
705451.15,3401370.5
705493.41,3401279.8
705535.67,3401189.2
705445.04,3401147
705487.3,3401056.3
705529.56,3400965.7
705571.82,3400875.1
705614.09,3400784.4
705656.35,3400693.8
705565.72,3400651.5
705607.98,3400560.9
705650.24,3400470.3
705559.61,3400428
705601.87,3400337.4
705644.13,3400246.8
705686.4,3400156.1
705728.66,3400065.5
705638.03,3400023.2
705680.29,3399932.6
705589.66,3399890.3
705631.92,3399799.7
705541.29,3399757.4
705450.66,3399715.2
705360.03,3399672.9
705269.4,3399630.7
705178.77,3399588.4
705088.14,3399546.1
704997.5,3399503.9
704952.19,3399482.7
704906.87,3399461.6
704861.56,3399440.5
704816.24,3399419.4
704770.93,3399398.2
704725.61,3399377.1
704736.28,3399354.5
704746.95,3399331.9
704757.52,3399309.2
704768.08,3399286.6
704778.65,3399263.9
704789.21,3399241.3
704799.78,3399218.6
704810.34,3399195.9
704820.91,3399173.3
704831.48,3399150.6
704842.04,3399128
704852.61,3399105.3
704863.17,3399082.6
704873.74,3399060
704851.08,3399049.4
704828.42,3399038.9
704805.76,3399028.3
704783.11,3399017.7
704760.45,3399007.2
704737.79,3398996.6
704715.13,3398986
704692.48,3398975.5
704669.82,3398964.9
704647.16,3398954.3
704624.5,3398943.8
704601.85,3398933.2
704579.19,3398922.6
704556.53,3398912.1
704545.96,3398934.7
704535.4,3398957.4
704524.83,3398980
704514.27,3399002.7
704503.7,3399025.4
704493.14,3399048
704482.57,3399070.7
704472.01,3399093.3
704461.44,3399116
704450.88,3399138.7
704440.31,3399161.3
704429.74,3399184
704419.07,3399206.6
704408.4,3399229.2
704385.75,3399218.6
704363.09,3399208
704317.77,3399186.9
704272.46,3399165.8
704181.83,3399123.5
704091.2,3399081.3
704000.57,3399039
703958.3,3399129.6
703916.04,3399220.3
703873.78,3399310.9
703783.15,3399268.6
703740.89,3399359.3
703698.63,3399449.9
703656.36,3399540.5
703614.1,3399631.1
703523.47,3399588.9
703481.21,3399679.5
703390.58,3399637.3
703348.32,3399727.9
703306.06,3399818.5
703215.42,3399776.3
703173.16,3399866.9
703082.53,3399824.6
703040.27,3399915.3
702949.64,3399873
702907.38,3399963.6
702816.75,3399921.4
702726.12,3399879.1
702635.49,3399836.8
702544.85,3399794.6
702502.59,3399885.2
702460.33,3399975.8
702369.7,3399933.6
702327.44,3400024.2
702236.81,3399981.9
702194.55,3400072.6
702152.28,3400163.2
702061.65,3400120.9
702019.39,3400211.6
701928.76,3400169.3
701886.5,3400259.9
701795.87,3400217.7
701753.61,3400308.3
701711.34,3400398.9
701620.71,3400356.7
701578.45,3400447.3
701536.19,3400537.9
701493.93,3400628.6
701403.3,3400586.3
701361.04,3400676.9
701318.77,3400767.6
701228.14,3400725.3
701185.88,3400815.9
701095.25,3400773.7
701052.99,3400864.3
700962.36,3400822.1
700920.1,3400912.7
700829.46,3400870.4
700787.2,3400961.1
700744.94,3401051.7
700702.68,3401142.3
700660.42,3401232.9
700618.16,3401323.6
700575.89,3401414.2
700533.63,3401504.8
700443,3401462.6
700400.74,3401553.2
700358.48,3401643.8
700316.22,3401734.5
700273.95,3401825.1
700183.32,3401782.8
700141.06,3401873.5
700098.8,3401964.1
700056.54,3402054.7
700014.28,3402145.4
699972.01,3402236
699929.75,3402326.6
699839.12,3402284.4
699796.86,3402375
699754.6,3402465.6
699663.97,3402423.4
699621.71,3402514
699579.44,3402604.6
699488.81,3402562.4
699446.55,3402653
699404.29,3402743.6
699313.66,3402701.4
699271.4,3402792
699180.77,3402749.7
699138.5,3402840.4
699096.24,3402931
699053.98,3403021.6
698963.35,3402979.4
698921.09,3403070
698878.83,3403160.6
698788.2,3403118.4
698745.93,3403209
698703.67,3403299.6
698613.04,3403257.4
698570.78,3403348
698480.15,3403305.7
698437.89,3403396.4
698347.26,3403354.1
698304.99,3403444.7
698214.36,3403402.5
698172.1,3403493.1
698081.47,3403450.8
698039.21,3403541.5
697996.95,3403632.1
697954.68,3403722.7
697912.42,3403813.4
697870.16,3403904
697827.9,3403994.6
697785.64,3404085.2
697743.38,3404175.9
697701.11,3404266.5
697658.85,3404357.1
697616.59,3404447.8
697574.33,3404538.4
697664.96,3404580.7
697622.7,3404671.3
697713.33,3404713.6
697671.07,3404804.2
697761.7,3404846.4
697852.33,3404888.7
697810.07,3404979.3
697767.8,3405070
697725.54,3405160.6
697683.28,3405251.2
697641.02,3405341.9
697598.76,3405432.5
697556.49,3405523.1
697514.23,3405613.8
697471.97,3405704.4
697429.71,3405795
697387.45,3405885.6
697296.82,3405843.4
697254.56,3405934
697212.29,3406024.6
697302.92,3406066.9
697260.66,3406157.5
697239.53,3406202.9
697218.4,3406248.2
697197.27,3406293.5
697176.14,3406338.8
697155.01,3406384.1
697200.32,3406405.2
697179.19,3406450.6
697224.51,3406471.7
697203.38,3406517
697182.25,3406562.3
697227.56,3406583.5
697206.43,3406628.8
697251.75,3406649.9
697230.61,3406695.2
697209.48,3406740.5
697254.8,3406761.7
697233.67,3406807
697212.54,3406852.3
697257.85,3406873.4
697236.72,3406918.7
697282.04,3406939.9
697327.35,3406961
697306.22,3407006.3
697351.54,3407027.4
697330.41,3407072.8
697375.72,3407093.9
697354.59,3407139.2
697333.46,3407184.5
697378.77,3407205.7
697357.64,3407251
697336.51,3407296.3
697315.38,3407341.6
697294.25,3407386.9
697273.12,3407432.2
697318.44,3407453.4
697297.3,3407498.7
697276.17,3407544
697321.49,3407565.1
697300.36,3407610.4
697279.23,3407655.8
697324.54,3407676.9
697303.41,3407722.2
697282.28,3407767.5
697327.6,3407788.7
697306.47,3407834
697285.33,3407879.3
697330.65,3407900.4
697309.52,3407945.7
697288.39,3407991
697333.7,3408012.2
697312.57,3408057.5
697357.89,3408078.6
697336.76,3408123.9
697315.63,3408169.3
697294.5,3408214.6
697339.81,3408235.7
697318.68,3408281
697297.55,3408326.3
697342.86,3408347.5
697321.73,3408392.8
697300.6,3408438.1
697345.92,3408459.2
697324.79,3408504.5
697314.22,3408527.2
697336.88,3408537.8
697326.31,3408560.4
697329.69,3408589
697327.01,3408611.4
697327.7,3408641.9
697329.89,3408668.9
697334.83,3408691.4
697334.28,3408707.7
697333.1,3408721.6
697333.21,3408735.8
697334.02,3408747.2
697335.88,3408756.4
697333.71,3408765.7
697329.52,3408772.4
697325.19,3408782.1
697321.49,3408793
697320.84,3408805.7
697319.68,3408820.6
697317.78,3408835.3
697314.83,3408850.1
697310.91,3408865.2
697306.43,3408880.9
697301.61,3408897.3
697296.8,3408914.6
697292.52,3408932.8
697289.4,3408951.8
697287.61,3408970.8
697286.69,3408989.5
697286.32,3409008.1
697286.44,3409026.7
697287.33,3409045.3
697288.75,3409063.8
697290.68,3409082
697293.13,3409099.9
697296.16,3409117.8
697300.09,3409135.7
697305.06,3409153.2
697310.8,3409170.1
697316.87,3409186.6
697323.01,3409202.9
697329.43,3409219.5
697336.44,3409236.3
697344.23,3409253
697352.62,3409269.2
697361.25,3409284.9
697369.84,3409300.1
697378.23,3409315
697386.32,3409330
697394.08,3409345
697401.46,3409360.1
697408.45,3409375.2
697415.15,3409390.2
697421.65,3409405.1
697428.08,3409420.3
697434.62,3409435.9
697441.4,3409451.9
697448.46,3409468.1
697455.63,3409484.2
697462.55,3409500.2
697469.05,3409516.1
697475.18,3409532.3
697480.99,3409548.7
697486.72,3409565.3
697492.18,3409581.8
697497.4,3409598.4
697502.53,3409615.2
697507.69,3409632
697513.01,3409648.8
697518.6,3409665.7
697524.3,3409682.5
697530.02,3409699.1
697535.75,3409715.7
697541.58,3409732.2
697547.43,3409748.8
697553.41,3409765.4
697559.69,3409782.1
697566.24,3409798.7
697572.93,3409815.2
697579.66,3409831.6
697586.22,3409847.7
697592.38,3409863.6
697598.13,3409879.2
697603.36,3409894.5
697608.32,3409910.2
697613.54,3409925.8
697618.73,3409941.5
697623.92,3409957.5
697629.03,3409973.9
697633.9,3409990.3
697638.3,3410006.3
697642.02,3410021.8
697645.17,3410036.5
697647.43,3410050.9
697649.07,3410065.8
697650.54,3410081.6
697652.12,3410097.9
697653.56,3410114.7
697654.89,3410131.7
697656.13,3410148.8
697657.5,3410165.9
697659.04,3410182.8
697660.78,3410199.4
697662.96,3410215.6
697666.33,3410231.3
697671.3,3410245.7
697677.49,3410258.4
697684.33,3410269.6
697691.85,3410280.3
697700.62,3410290.7
697710.5,3410300.6
697716.08,3410306
697721.66,3410311.4
697727.9,3410317.3
697734.14,3410323.1
697737.8,3410326.9
697740.84,3410330
697744.68,3410334.3
697748.55,3410338.7
697751.98,3410343.9
697756.23,3410351.7
697760.81,3410360
697764.68,3410370.1
697767.57,3410381.3
697768.56,3410391.3
697768.09,3410401.8
697766.93,3410413.5
697765.48,3410422.9
697762.79,3410435.7
697765.07,3410450.2
697754.25,3410471.2
697744.19,3410492.1
697734.58,3410512.1
697724.42,3410531.5
697713.84,3410551
697703.11,3410570.5
697692.3,3410590
697681.46,3410609.3
697670.62,3410628.5
697659.74,3410647.5
697648.76,3410666.2
697637.57,3410684.7
697626.08,3410702.9
697614.15,3410721.2
697602.05,3410739.4
697589.56,3410757.5
697576.57,3410775.7
697563.16,3410794.1
697549.48,3410812.9
697535.64,3410832
697521.66,3410851.9
697508.25,3410872.6
697495.59,3410893.4
697483.47,3410914.1
697471.71,3410934.7
697460.24,3410955.2
697448.89,3410975.4
697437.64,3410995.6
697426.5,3411015.5
697415.5,3411035.3
697404.7,3411055
697394.13,3411074.5
697383.86,3411093.9
697373.88,3411113
697364.17,3411132
697354.67,3411150.7
697345.32,3411169.2
697335.97,3411187.8
697326.83,3411206.7
697317.92,3411225.5
697309.11,3411244.5
697300.41,3411263.9
697291.93,3411283.8
697283.78,3411304.2
697275.94,3411325.6
697269.69,3411348.7
697266.26,3411369.7
697261.99,3411388.6
697256.15,3411405.9
697248.7,3411425.3
697242.81,3411447.5
697238.23,3411467.3
697233.53,3411486.1
697228.27,3411504.1
697222.16,3411521.9
697215.17,3411540.3
697207.7,3411559.7
697200.37,3411581
697194.2,3411604.2
697190.46,3411629.4
697190.73,3411654.4
697192.63,3411676.7
697194.57,3411697.8
697196.32,3411718.8
697198.47,3411739.6
697200.28,3411760.7
697202.67,3411783.6
697207.55,3411806
697212.5,3411826.9
697217.08,3411847.5
697221.66,3411868.2
697226.19,3411888.9
697230.43,3411909.7
697234.6,3411930.9
697239.11,3411952.3
697244.16,3411973.2
697249.3,3411993
697253.9,3412011.8
697257.9,3412029.9
697261.03,3412047.5
697263.3,3412065.3
697264.95,3412083.5
697266.2,3412102.4
697267.2,3412122.1
697268.15,3412142.7
697269.19,3412164.1
697270.5,3412186.4
697272.35,3412209.1
697274.52,3412232.2
697277.12,3412255.5
697280.31,3412279.1
697284.15,3412302.4
697288.26,3412325.1
697292.19,3412347.3
697295.72,3412369.3
697299.03,3412391.5
697302.26,3412413.8
697305.51,3412436.1
697308.82,3412458.4
697312.16,3412480.5
697315.31,3412502.2
697317.99,3412523.7
697320.06,3412545.3
697321.6,3412567.3
697322.96,3412590
697324.44,3412613.3
697326.4,3412637.3
697329.17,3412661.3
697332.55,3412684.8
697336.08,3412707.6
697339.36,3412729.6
697342.13,3412751.2
697344.28,3412772.3
697345.67,3412793.1
697346.46,3412813.8
697346.59,3412833.9
697345.33,3412853.6
697342.71,3412873.6
697339.13,3412894.3
697335.02,3412915.9
697331.09,3412938.5
697328.08,3412961.8
697326.68,3412985.9
697327.72,3413009.5
697330.47,3413031.2
697333.74,3413051.4
697337.31,3413071.1
697341.71,3413090.4
697346.78,3413109.4
697352.92,3413128.4
697360.66,3413147.2
697369.74,3413165.2
697379.72,3413182.5
697390.72,3413199.6
697403.01,3413216.2
697416.28,3413231.7
697429.63,3413246.2
697442.66,3413260
697455.52,3413274.1
697468.7,3413287.9
697481.8,3413301.5
697494.98,3413315.1
697508.61,3413329
697523.23,3413343.1
697539.42,3413357
697557.28,3413369.7
697575.89,3413380.3
697594.16,3413389.8
697612.5,3413398.5
697630.86,3413406.8
697649.6,3413415
697669.35,3413422.9
697690.61,3413429.8
697711.9,3413434.5
697732.34,3413438.7
697752.91,3413442.9
697773.58,3413446.7
697794.16,3413450.5
697814.87,3413454.5
697835.71,3413458.6
697856.65,3413462.8
697877.67,3413467.1
697898.68,3413471.4
697919.65,3413475.5
697940.45,3413479.2
697960.59,3413482.3
697979.77,3413485.1
697998.03,3413487.9
698015.44,3413490.7
698032.09,3413493.6
698048.08,3413496.7
698063.46,3413500.1
698078.29,3413503.7
698092.66,3413507.8
698106.57,3413512.2
698120.09,3413517.3
698133.24,3413522.9
698146.01,3413529.1
698158.33,3413535.9
698170.12,3413543.4
698181.39,3413551.8
698192.27,3413560.8
698202.52,3413570.2
698212.04,3413580.2
698220.97,3413590.7
698229.35,3413601.6
698237.18,3413612.6
698244.32,3413623.7
698250.75,3413634.9
698256.66,3413646.2
698262.15,3413657.6
698267.3,3413669.1
698272.16,3413680.7
698276.9,3413692.5
698281.39,3413704.5
698285.57,3413716.6
698289.45,3413729.2
698292.93,3413742.1
698295.92,3413755.7
698298.34,3413770
698300.19,3413785.3
698301.58,3413801.8
698302.66,3413819.3
698303.61,3413837.7
698304.41,3413856.6
698304.89,3413875.7
698304.84,3413894.8
698304.04,3413914
698302.51,3413933.5
698300.52,3413953
698297.74,3413972.6
698294.51,3413992.5
698291.25,3414012.6
698288.15,3414032.5
698285.06,3414051.9
698281.79,3414070.8
698278.22,3414089.2
698274.23,3414107.2
698269.76,3414125.2
698264.86,3414143.3
698259.69,3414161.4
698254.2,3414179.5
698248.39,3414197.7
698242.27,3414215.7
698235.71,3414233.7
698228.7,3414251.8
698221.38,3414269.8
698213.65,3414287.7
698205.56,3414305.6
698197.21,3414323.4
698188.73,3414341
698180.13,3414358.1
698171.46,3414374.8
698162.67,3414391
698153.72,3414406.6
698144.5,3414421.6
698134.88,3414436.1
698124.83,3414450.3
698114.3,3414464.5
698103.87,3414478.8
698093.56,3414492.6
698083.11,3414505.7
698072.22,3414518.3
698060.79,3414530.4
698048.89,3414542
698036.14,3414553
698022.33,3414563.8
698007.41,3414574.5
697991.4,3414585.5
697974.12,3414597.5
697956.43,3414611.3
697940.35,3414626.2
697925.28,3414640.6
697910.56,3414654.6
697895.91,3414668
697881.12,3414680.8
697866.01,3414692.8
697850.34,3414704
697833.67,3414714.6
697816.76,3414724.8
697799.15,3414733.8
697780.25,3414742.6
697760.14,3414751.8
697739.23,3414762.5
697718.4,3414775.3
697699.02,3414790
697681.67,3414805.6
697665.85,3414821.3
697651.13,3414837.1
697637.3,3414853
697624.18,3414868.8
697611.62,3414884.7
697599.49,3414900.6
697587.7,3414916.6
697576.08,3414932.6
697564.46,3414948.8
697553.14,3414965.5
697541.97,3414982
697530.66,3414998.6
697519.04,3415015.5
697507.1,3415032.8
697494.91,3415050.7
697482.64,3415069.5
697470.46,3415089.1
697458.6,3415109.5
697447.21,3415130.8
697436.75,3415152.6
697427.13,3415174.4
697418.02,3415195.9
697409.27,3415217.2
697400.79,3415238.3
697392.47,3415259.2
697384.19,3415279.9
697375.81,3415300.4
697367.27,3415320.7
697358.49,3415340.8
697349.41,3415360.5
697339.9,3415379.8
697329.97,3415399
697320.06,3415417.9
697309.87,3415436
697299.33,3415453.8
697288.57,3415471.3
697277.75,3415488.7
697267.03,3415506.1
697256.6,3415523.6
697246.69,3415541.3
697237.42,3415559.1
697228.81,3415577.1
697220.89,3415595.5
697213.75,3415614.5
697207.63,3415634.3
697203,3415655.2
697200.35,3415676.8
697199.88,3415698.7
697201.47,3415720.3
697204.75,3415742
697210.38,3415763.8
697218.54,3415784.3
697227.99,3415803.1
697238.1,3415820.7
697248.61,3415837.3
697259.44,3415853.2
697270.53,3415868.5
697281.88,3415883.4
697293.5,3415898
697305.55,3415912.5
697318.23,3415926.9
697331.38,3415940.9
697344.76,3415954.9
697358.63,3415969.1
697373.1,3415983.4
697388.2,3415998
697403.91,3416012.6
697420.1,3416027
697436.48,3416041.1
697452.61,3416054.6
697468.2,3416067.5
697483.04,3416079.7
697496.97,3416091.3
697509.95,3416102.3
697521.98,3416112.8
697533.04,3416122.9
697543.16,3416132.7
697552.44,3416142.4
697560.99,3416152.1
697568.88,3416162
697576.18,3416172
697582.97,3416182.3
697589.28,3416192.8
697595.07,3416203.4
697600.31,3416214.1
697604.99,3416224.8
697609.11,3416235.3
697612.63,3416245.6
697615.54,3416255.5
697617.82,3416265.2
697619.49,3416274.6
697620.56,3416283.8
697621.05,3416292.9
697620.95,3416302
697620.25,3416311.2
697618.99,3416320.5
697617.17,3416330.1
697614.74,3416339.9
697611.67,3416350.1
697607.91,3416360.7
697603.39,3416371.5
697598.06,3416382.7
697591.85,3416394.2
697584.85,3416406
697576.93,3416417.9
697567.97,3416429.9
697557.92,3416442.1
697546.92,3416454.8
697535.2,3416468
697523.02,3416481.7
697510.5,3416495.7
697497.76,3416510
697485.11,3416524.6
697472.49,3416539.2
697459.83,3416553.7
697447.17,3416568.3
697434.54,3416582.7
697421.9,3416596.9
697409.16,3416610.7
697396.16,3416624
697382.7,3416636.8
697368.61,3416649.1
697353.75,3416661
697337.95,3416672.8
697321.61,3416684.8
697304.73,3416696.5
697287.25,3416708.2
697269.29,3416720
697250.96,3416731.8
697232.27,3416743.7
697213.26,3416755.9
697193.85,3416769
697175.04,3416783.6
697157.68,3416798.9
697167.51,3416809.6
697177.28,3416820.4
